Square_Feet,Num_Bedrooms,Num_Bathrooms,Lot_Size_Acres,Year_Built,Garage_Spaces,Neighborhood,Price
1660,2,2,0.4883832115596659,1953,2,Downtown,275911.83329552977
4572,5,2,0.42603560110978694,1991,0,Suburb,741664.2942833053
3892,1,2,0.33220456322206426,1987,1,Suburb,589868.4788114948
1266,1,3,0.13358899418858608,1974,0,Downtown,306174.3716216954
4244,1,1,0.5465495693103344,1963,2,Rural,761960.8325405571
3971,1,1,0.4418591535896357,1981,0,Rural,750955.2901411117
3719,1,1,1.4513052095062906,1960,0,Downtown,672531.3708062879
930,5,2,0.8586777980625637,2010,2,Rural,348315.48483800056
2485,3,2,0.553551706594236,1967,1,Downtown,441820.2174992005
1569,2,1,0.8916780214408592,1976,0,Suburb,256862.76959162432
3191,1,2,0.2518352169512585,2004,2,Suburb,616690.6709599028
3233,3,1,0.6938634363431943,2003,1,Rural,609711.3063388339
1984,3,1,0.9580397660605425,1970,2,Suburb,400633.0140382555
4185,2,1,0.7589018560990546,1993,0,Rural,732296.6111536307
4917,5,1,0.6325792609487702,1954,1,Rural,851860.8593418858
3704,4,1,1.4910801639045623,1990,1,Suburb,743112.4462707693
1274,4,1,1.3264564051159442,2008,2,Suburb,389878.4073431667
1882,3,1,0.9539386393311882,2003,2,Rural,423589.79040364106
3358,2,2,0.87559717371431,1971,2,Suburb,647502.0871024326
2847,4,1,0.9499576957456469,2014,1,Downtown,577252.2815361518
3547,3,1,0.3419025563425282,2013,1,Suburb,610829.5645251196
1775,5,2,0.622949727733262,2020,0,Suburb,445037.22830032225
2606,4,2,0.107216322691804,1953,1,Downtown,413319.57301087293
989,3,2,0.7395417543558986,2014,0,Suburb,321335.4127019121
3534,3,1,0.8373856467386116,1964,2,Suburb,562621.5659464705
3805,1,3,0.3802371173496539,1971,2,Rural,681644.9066867298
2699,5,3,1.447841828389995,1996,1,Suburb,528049.1386464919
2067,1,2,1.3687091858590008,1995,2,Suburb,451093.6328709014
2328,2,3,1.0971076914110636,1963,2,Downtown,464445.8925318258
4002,1,2,0.8234106117097758,1999,1,Rural,620030.4143260289
4356,1,1,1.3114552814891431,1969,0,Rural,748664.0871807068
4690,4,3,0.2394458985440212,1999,1,Rural,807392.8791292448
1446,3,1,1.1962392016985832,1982,0,Suburb,359382.12007464014
3688,5,3,0.23099018025193002,2008,1,Rural,700386.0880417589
3235,1,1,1.2016054606966378,1992,1,Downtown,593553.1584833347
1400,5,3,0.44986297396446756,1961,2,Rural,295118.81172852876
3163,1,1,1.321781342476374,1989,1,Downtown,534419.0152781594
2861,2,1,1.4188610360468268,1969,1,Rural,497595.2889158823
1041,1,3,0.26575415563741767,1987,0,Rural,291300.20712487615
2841,4,1,0.7208796273448206,1952,2,Downtown,603936.4469371709
3624,3,1,1.4724316983358934,1977,0,Rural,604790.0463795741
3412,2,1,0.7509407821610626,2005,0,Rural,656661.2228761052
2163,1,3,1.3021439076460906,1962,2,Rural,326509.0072666367
2278,5,3,0.9036607070904138,2015,2,Suburb,451063.7440871938
3356,2,1,0.5942283664834227,1986,2,Downtown,543845.6445203297
1575,2,1,0.4643861555125118,1998,1,Rural,255412.28863821414
4814,1,3,0.3446734820748265,2015,2,Downtown,760814.0501521175
834,2,3,1.154607377497661,1985,2,Downtown,274842.0931568431
3952,5,1,0.6104837348933905,2003,2,Downtown,709306.2898114747
2755,2,1,0.7913494201910892,1975,0,Rural,509047.2582840773
2385,5,1,0.7638719460017138,2021,0,Rural,521551.0732261099
4743,1,2,0.8870545923880403,1989,1,Downtown,820471.9415063875
3873,3,3,1.3050868611556008,1992,0,Suburb,749439.8960306307
1821,2,2,1.4720720481959726,1971,1,Downtown,378114.82665180595
4261,3,3,0.6409971024320346,1969,0,Suburb,690620.2726333535
3413,5,3,1.2499024370541394,1957,2,Downtown,711838.7577821226
4643,2,3,1.1585653022493405,1978,0,Downtown,782665.6994059305
2300,4,3,0.8816169796105813,1989,1,Downtown,438852.52465409035
961,3,3,1.436268358237303,1979,0,Rural,266979.47337452613
2781,2,3,0.34068804751618403,2004,2,Suburb,493823.214985498
1795,3,3,0.20843310494895106,1965,1,Suburb,353547.14299950737
4142,2,2,1.2882448520853622,1995,2,Downtown,760267.5931198807
4598,1,1,0.686767234118935,2011,2,Rural,799852.431644685
2075,3,1,1.2781048386002376,1956,1,Rural,358420.5934507233
1816,4,2,1.3449807975333516,1994,2,Suburb,390414.3473032298
1137,4,2,0.14056351074765358,2008,2,Rural,349577.92045346525
1678,5,2,1.331023906329788,2005,0,Suburb,424140.4840132928
1876,2,2,0.7000626302856622,1997,2,Suburb,496154.50457314035
4793,3,3,0.7901271090561367,1976,2,Suburb,905258.9508681991
1179,5,1,0.9585591410851548,2002,2,Rural,367735.83624970005
1292,3,3,1.3932547797586259,2022,2,Suburb,286771.6680723824
2862,2,1,0.07771833692315784,1984,1,Suburb,539547.3843201343
4684,4,1,0.7414230290608348,2000,0,Downtown,808273.1204963712
864,1,2,1.0471969615243129,1986,2,Suburb,204494.8490535738
3368,4,3,1.0979250886624312,2006,2,Suburb,672059.268799875
2827,5,2,1.0541720257288065,1957,1,Downtown,594394.0172451503
3495,1,3,0.2449309376417767,1969,2,Downtown,642190.1983030462
2295,5,1,0.48412360313893776,2002,1,Rural,419508.78199567576
1191,2,2,0.5701375118546695,1961,0,Suburb,296175.6959167244
4361,1,2,1.2164339511352822,1998,0,Rural,724099.3019189074
3078,5,1,0.45420181500110185,1966,2,Rural,578118.1922482364
3899,2,1,0.3555221976074446,2013,2,Downtown,666792.9405782922
1000,4,1,1.4382996276052396,1991,2,Rural,266822.67996532354
3904,2,2,0.0628517634145299,1978,1,Suburb,707669.184020316
3254,3,3,1.4968402407388683,1968,2,Downtown,573527.1188239824
4445,2,2,1.0313908833432237,1960,2,Suburb,863137.5713807112
1604,2,3,1.2512804842012197,1999,0,Suburb,277571.3062192996
3531,3,2,0.4771981247019801,2020,2,Downtown,627810.5783312967
3573,5,2,0.07075715261723697,2007,0,Suburb,677875.7375494319
2370,5,1,1.1199108019142185,1983,2,Downtown,512113.92436004983
3490,2,3,1.2595096656509799,1969,0,Suburb,631666.4072844343
4640,3,2,1.1236903913326028,1999,2,Downtown,823604.272676575
1828,3,2,0.25713291658621595,1959,0,Rural,377870.16259810515
1302,4,1,1.1424704872726053,1981,1,Suburb,295595.9358725681
1670,5,1,1.1649380340560793,2001,0,Downtown,447457.8235778669
1006,1,3,1.0048837477215795,1964,0,Suburb,288465.1306660117
2284,5,2,1.1608681025536,1952,0,Suburb,503958.57960135373
1663,5,3,1.2765860875327115,1986,2,Suburb,363173.8855821334
3590,4,2,0.9397259656443148,1989,2,Downtown,666325.0980926012
1363,1,3,0.17847683525603464,2021,2,Rural,306996.2392690855
4991,4,1,0.7570603240174558,1989,1,Rural,806511.1376958757
2557,1,2,0.16259153527382736,2005,1,Rural,490810.0399027649
2478,2,3,0.6409373949970247,1972,0,Downtown,447136.46001094964
4042,1,1,0.6403044092321601,1960,1,Rural,700376.2796771551
1859,4,1,0.1457142740033503,2013,0,Downtown,328254.70733535045
2522,5,3,0.555789774255745,1957,0,Suburb,587367.826127206
4114,1,2,0.2109472432474065,2005,0,Suburb,657502.3119353451
3957,1,2,1.2219410545133722,2009,1,Rural,716953.9379502892
3425,3,1,1.4241476376484825,1959,2,Downtown,654825.918272373
3529,5,2,0.15485888912401097,1988,1,Suburb,621415.1562724746
2397,2,2,1.4349170505729671,1977,0,Downtown,507871.7731831069
3860,4,2,0.8077360690382805,1998,0,Downtown,641195.5414907448
3493,2,1,0.4843702330331171,1985,1,Suburb,677243.2896197903
4427,5,3,0.16145000915043708,1962,0,Downtown,782486.4634312966
2163,1,2,0.7759051887021059,1985,0,Suburb,381147.53337559814
2781,1,1,1.2020475395115855,1975,1,Suburb,482231.86216886
2463,5,1,1.0752753920367124,1953,1,Suburb,516401.47131037025
2329,1,3,0.12282771662276196,2013,1,Downtown,427583.78973993333
2838,1,2,0.15570766128346009,1987,0,Suburb,463346.26875453035
4102,1,2,0.6341662598173239,1971,0,Downtown,680906.4953171596
3037,4,3,0.4781712163695177,1951,2,Suburb,515265.318688892
2106,4,3,0.3869572684312693,1980,2,Suburb,538166.3407657162
4829,3,1,0.4574565234176347,1960,1,Rural,773679.4009076165
3475,2,1,1.2150499777804826,1995,2,Rural,668131.8388646299
2082,5,3,1.3973806777661881,2011,0,Rural,489721.1177377124
1509,5,2,0.6373989070649714,2018,2,Downtown,327371.27561720106
4548,5,1,1.3638609530921209,2013,0,Downtown,819179.483601206
1463,3,1,0.5161687668094288,1959,1,Suburb,336973.514301726
2798,4,2,0.7408336301984979,1989,1,Suburb,533103.6058496546
4245,3,1,0.37774204683319956,1973,0,Suburb,773960.4882292154
4543,5,2,0.9786902611549738,1993,2,Suburb,877099.5748621926
2295,2,2,1.469522617003473,2009,1,Downtown,517586.19507298595
4104,1,2,0.925064989262899,2011,1,Suburb,700118.4611716082
4563,4,3,0.5688304219646458,1966,2,Suburb,758334.4860502186
2653,4,3,0.9893352966862662,2014,2,Rural,527557.3256655856
2091,3,3,0.228234983774812,2006,0,Suburb,444526.7467088323
4381,4,2,1.338555666384828,2004,2,Suburb,831710.4490043144
4257,5,2,0.7794717286307628,2002,2,Suburb,675060.864334593
2436,5,3,0.701557125957481,2005,2,Downtown,525025.4824385621
4496,3,1,0.8995039432576029,1958,0,Rural,762794.5401313113
3799,5,2,0.9559366010446336,1971,0,Suburb,679091.519205115
3952,2,1,0.1540749190284439,1962,1,Suburb,719945.1903313629
1498,3,1,1.0397949707739333,1997,0,Rural,348584.9031280222
2960,2,2,0.40080093645751785,1967,1,Suburb,594525.6141331953
4897,1,2,1.0852313171345551,1989,2,Downtown,828456.6003251795
1654,2,1,1.2426754518570853,1966,1,Suburb,381327.38366248796
4274,1,1,1.2157398359511544,1964,1,Downtown,797668.1164453991
2507,1,3,0.8511264027414392,1964,2,Downtown,544157.2005184618
3577,2,3,0.8042463438505892,2012,1,Suburb,612527.8472055751
2533,3,2,0.257170143942147,1988,0,Rural,464909.5990017239
4310,5,3,1.1742519180845465,1962,0,Downtown,767226.8030892011
1002,5,3,0.4435436016477358,1981,0,Rural,307633.59878677106
4055,1,3,0.7702083630860225,1958,0,Suburb,730471.8450124471
1566,1,3,0.4621974347448992,1989,1,Downtown,295199.3149936112
3127,3,1,0.24405112634955506,1969,1,Suburb,550322.948222838
3731,4,2,0.962858660493018,2022,2,Rural,607410.8066020536
997,2,3,0.12878145049321055,2012,1,Suburb,338722.8792999587
2730,1,1,1.13553558948299,1993,1,Suburb,471591.99975582515
4382,5,1,0.5105008531286191,1987,1,Downtown,772303.2140547973
1408,3,1,0.05019530485650372,2009,2,Suburb,294721.42039772705
4072,2,3,0.7911372518939832,2020,0,Suburb,797424.1237885504
1947,3,3,0.11793526736502453,1997,1,Suburb,269533.3832774316
4197,2,2,0.4504458588403042,1967,2,Downtown,719728.4000605107
3311,2,3,1.0751159068107885,1965,2,Rural,608861.3802613309
2594,1,3,0.14089995135170552,2004,2,Rural,474736.1796474499
1459,3,1,1.2670408139162035,1988,0,Suburb,408002.1435601057
3611,3,2,0.05553888785494551,2017,1,Downtown,610394.3048143103
2169,5,3,0.40789461034275826,2008,2,Suburb,519597.70106863824
2786,5,3,1.1243108814205036,2011,0,Rural,597198.8570637143
946,1,1,0.5085917171074948,1962,2,Downtown,269647.7969689257
4019,1,1,0.1977439626957196,1955,2,Rural,624445.425015039
3711,4,3,0.5723391822606204,2009,2,Rural,669448.3386890244
2534,5,2,0.442070265257562,1963,2,Downtown,553744.9006790211
2643,2,2,1.2719322581328045,2003,2,Downtown,543154.7105791616
1288,3,1,0.5043544804984575,1953,0,Suburb,186040.22227613124
3776,1,1,1.1939520840752105,1988,1,Suburb,625813.7909583407
2759,3,3,1.3432146099755653,2021,1,Rural,589033.4248919144
3185,3,1,0.6790352583859678,1974,1,Downtown,608718.9162450489
3719,4,3,1.3694175585888684,1981,1,Downtown,670276.8185121296
2602,5,2,0.5971111782466296,2008,0,Suburb,379029.42407408555
4861,1,2,1.4479137039106569,2012,0,Rural,868769.4333650648
4169,3,3,0.17946981056208072,1987,0,Rural,674923.3617140428
1062,1,1,1.046177936429702,2002,2,Suburb,153856.61882247348
1423,2,2,0.7660303586625467,2016,2,Downtown,193654.31092404388
1816,4,1,0.6120907679106883,1977,2,Suburb,417340.85836810083
4443,2,2,0.9674322241854714,1952,1,Suburb,761729.5170039578
2849,1,3,1.0705927828697803,1971,2,Suburb,526479.0366217829
4523,1,3,0.05632674099294818,1987,1,Suburb,841027.752967997
3908,5,3,0.29208197868343816,2021,2,Downtown,777907.8737248223
4890,3,2,1.0839167734197621,2021,1,Suburb,949993.337604491
2856,3,1,1.0162588496883993,2011,2,Downtown,478088.4033854181
3970,2,1,1.4507688824365819,2006,2,Suburb,709287.8464510335
2482,4,1,1.1535047958636353,1955,0,Rural,385534.427169872
3055,3,2,1.42862042621044,1981,2,Downtown,574353.2919314355
1954,5,2,1.0686837272254701,1959,2,Rural,410042.8818561755
3991,2,2,0.48217570252719255,1952,0,Suburb,704124.1959136975
2496,2,2,0.20277913726374186,2008,1,Suburb,478233.77680236974
4791,5,2,1.1836446018501565,1998,0,Suburb,890993.248950999
2448,4,1,0.9840163711400781,2008,0,Downtown,519552.3340797463
2245,5,2,0.11986971797027954,1980,1,Rural,560393.8282285627
4999,4,2,0.5720731755564186,2018,2,Downtown,873026.6307468221
4723,5,1,1.437359732452215,2011,1,Downtown,804146.0596157253
1053,5,2,0.7755816612797918,2001,2,Suburb,314765.81399141625
3983,1,1,0.6774572472285717,1990,2,Rural,639385.1435875943
3357,2,1,0.7136644274809762,1980,1,Suburb,660421.3269714463
898,5,3,0.3528799498074874,1971,0,Downtown,246596.6970488881
3000,5,3,0.5846253977539531,1953,1,Suburb,548413.6895613796
3761,3,3,0.5862292211814062,1962,2,Rural,656808.7983660722
4577,2,3,0.12591477927183498,1994,1,Suburb,830489.1667590188
3669,3,2,1.1629730613509814,1991,1,Rural,664722.1120654454
4034,2,3,0.6539314262606245,1998,2,Rural,698595.2875186934
4591,3,1,1.2421608358838139,1969,0,Suburb,864760.8125988528
1756,5,2,1.2830046016238483,2003,1,Downtown,371251.5999993895
4867,5,3,0.35739137931305415,1985,2,Suburb,874976.1312879107
960,1,1,1.0031625491466865,1950,2,Downtown,245178.55856344526
2100,3,2,0.7348086160363235,1964,1,Downtown,333629.41679987276
4787,4,2,1.3262272699861533,1966,0,Suburb,860087.5704700194
2327,1,3,0.3628239848058585,1973,1,Downtown,388551.0959220947
2018,3,2,1.032829140449564,2007,0,Downtown,466495.72185069136
3904,3,1,0.9312405772664477,2021,0,Suburb,650092.2609493801
3535,1,2,0.4781871424791575,1972,0,Suburb,638952.1944420262
1754,5,1,0.24807131029420026,1995,0,Suburb,424353.07952061965
4246,3,2,0.9948776526920511,2021,1,Downtown,813869.3793354812
1845,5,3,1.1209663142918795,1957,2,Rural,433735.1586977427
2493,1,1,0.5076596484568575,2008,2,Downtown,450038.1458226522
4236,5,2,0.985007275832355,2008,2,Rural,758779.166699905
1362,2,2,0.6229398160366798,1962,2,Suburb,369810.5308615888
3285,4,2,1.0841499807597956,1988,2,Rural,591958.2386068137
4154,3,1,0.338862148596377,1977,2,Suburb,660023.9392934277
1025,4,1,1.3408117538224529,2010,1,Suburb,317334.6818280906
1759,5,1,0.4667439148750906,1965,0,Rural,319378.0381381771
3867,3,3,0.5832896822464217,1951,2,Suburb,643212.6187716222
1615,5,3,0.13423333051650718,1966,1,Rural,294254.4535018419
3920,2,1,0.21169270786585076,1979,2,Suburb,641088.3621842911
816,1,2,0.7979997589328758,1962,2,Downtown,203724.24398383286
2043,3,3,0.43800938125555866,1962,0,Downtown,421864.77400814614
3005,2,1,1.2614463273261818,1992,0,Suburb,593044.2387614978
3324,2,2,0.07130541354968307,1970,0,Suburb,599871.0044542834
1869,3,3,0.5996863705743075,2004,2,Rural,408300.11643382715
4244,5,2,0.5391510428151843,1989,2,Downtown,760473.2370373176
3365,2,2,0.0780250648305215,1964,2,Rural,612318.3747423696
1860,4,2,0.23033417855073984,2022,0,Suburb,466735.1917174433
3127,2,2,0.6497818786320212,2001,1,Suburb,582361.3475468004
4220,5,3,0.7646536474487976,2002,2,Rural,769336.5302384555
1101,5,3,0.6362201335195602,2001,2,Suburb,272231.1026161139
1406,4,3,0.8198596336975361,1979,2,Downtown,278036.9294533395
3970,2,1,0.9129409286132383,1982,1,Rural,716572.3021744409
1499,5,3,0.06438954063536166,2006,2,Downtown,401536.71699468506
1939,3,2,0.7229379812075807,2001,1,Downtown,438176.9358794847
990,1,3,1.4470738992870031,1958,2,Downtown,253508.50566813725
3100,1,2,0.8025968061878457,2003,1,Rural,636398.6734183445
1780,1,1,1.032436287815482,1950,2,Suburb,311942.80102706875
3775,2,2,0.5022025939794806,1993,0,Downtown,709057.5137399498
1984,4,2,1.1722874983215057,1958,0,Downtown,406608.605216953
4127,5,2,1.170736148720367,1981,0,Downtown,721047.1847404405
4194,3,1,0.8058792690985015,1964,0,Suburb,740344.100747858
927,3,3,1.4652200437548597,1961,2,Suburb,292836.20680929685
2865,2,3,0.2320478114058474,2006,0,Rural,558739.5941914633
2616,1,1,0.07457411408989244,1957,1,Suburb,444955.4033846078
1369,2,2,1.1667294070477892,2021,0,Rural,325789.9340551142
2695,4,3,1.2203755291790797,1976,0,Rural,659576.1102271036
3533,4,1,0.22430048222483556,2011,0,Rural,692648.8419043054
4663,5,3,0.4350951077899788,1961,2,Rural,868293.2469050752
4814,5,1,0.07545092688161192,2014,0,Rural,839698.9764478016
3701,4,2,0.4752974856318188,1991,1,Downtown,724013.8097424699
2486,4,3,1.1710557171820737,2011,0,Suburb,551220.853163214
3809,4,1,0.8010427651832395,1960,0,Downtown,662181.0929423666
954,2,3,0.5547386100940177,1992,0,Rural,238516.55593858458
3337,4,3,0.589021977614179,1966,1,Suburb,619784.5726691493
2209,3,3,0.05196275728742883,1981,0,Downtown,277867.96835184575
4857,1,3,0.48471076496959203,1989,1,Downtown,841774.2572642739
1584,4,1,0.9873651753749992,1972,1,Rural,317423.499501982
3975,1,2,1.4625819435337177,2005,0,Downtown,786135.1387848185
3606,2,1,1.2782381991266543,1955,1,Downtown,623431.9675231208
1337,1,1,0.08421269873601724,1999,2,Downtown,215786.08299797226
2641,2,1,1.352912876778517,1986,0,Downtown,487214.2498291645
3255,3,2,1.1856376992830076,2013,0,Downtown,564656.6997325349
1324,2,3,1.1815453791779216,2003,1,Rural,355901.27836918173
3750,2,3,0.7140938505551787,2021,1,Rural,710329.2452280779
4931,5,3,0.6271076747840291,1998,0,Downtown,932584.1350510939
4915,4,2,0.4892278068081293,1960,2,Rural,805990.4665514344
3168,4,3,0.14525754548383038,1998,1,Rural,607305.5557210839
4647,3,2,0.38094127706586367,1970,1,Suburb,724917.7357699855
3501,3,3,0.4075752707181357,2015,2,Downtown,699376.2445105985
1771,4,3,0.7519117510797924,2012,2,Rural,446131.79404360196
1966,5,1,1.1337943895652063,1977,0,Rural,434366.1388426827
3574,4,2,0.7370242511770226,1966,2,Downtown,652421.4365913875
2782,5,1,0.13387445169838288,1955,0,Suburb,521716.13357340713
1653,3,1,1.4387952114328957,1968,2,Downtown,434442.85964408773
4946,1,1,1.4169502626864627,2005,1,Suburb,826984.2924016286
4536,3,2,1.1885248375651922,1977,0,Downtown,798102.755936808
4569,3,2,1.4874254572681198,2015,0,Downtown,766792.1941862919
1374,2,3,0.8394993825603813,1987,0,Downtown,276476.939571291
4061,2,1,1.446014107867149,1986,2,Downtown,719460.9468120084
1948,2,3,0.1596273088942886,2017,1,Suburb,467589.22351298115
2515,2,1,0.5802370849789884,1998,0,Suburb,448540.70048700116
4654,5,2,0.37680283860981045,1992,0,Rural,808340.23030659
3291,4,2,0.3339579719946915,1985,0,Downtown,580984.8972146751
3460,1,2,0.25416427589438034,2007,0,Suburb,579345.4519756715
3924,3,1,0.9524997802706952,1962,1,Suburb,691898.568390855
3851,5,2,1.1829166908335924,2001,2,Suburb,655445.4515577396
804,1,1,0.8885326791595229,2007,1,Downtown,274417.63241652685
1676,5,3,0.263095928902904,1981,0,Rural,347390.80367158505
1791,5,1,1.226129466403533,2009,1,Suburb,442267.7635999777
4942,3,3,0.9721343253874063,2007,0,Downtown,814242.7566380543
1435,4,1,0.6128402738841435,2005,2,Suburb,366948.8120049938
2493,2,3,1.0274889285272912,1977,2,Suburb,530097.0089612707
2482,4,2,0.4268622199021076,1950,2,Rural,493547.347998337
919,3,3,0.5505287023166052,1991,0,Suburb,208139.1479563425
1630,3,2,1.3803544725413859,1997,1,Suburb,386584.4989307316
4475,3,2,0.47123153322355954,1989,2,Downtown,724521.8214277518
2169,1,3,0.7314829888290081,2012,0,Downtown,426841.4970217709
1540,4,1,1.3407046492242212,2021,0,Rural,413284.74803225073
916,4,1,1.0761959578879148,1953,1,Downtown,273759.0155112954
3638,5,1,0.14019467793881898,1987,2,Downtown,656263.040685798
1950,5,1,0.263589414204507,1976,0,Rural,340531.45948794804
2731,5,1,0.06137030661927939,1958,1,Suburb,530656.7917410953
1812,3,2,0.964836595832287,1965,2,Rural,383065.79380154697
2464,4,1,0.6991264668451066,2005,1,Downtown,368566.74942538096
1881,3,2,0.24469853380829953,1980,1,Rural,419675.4619919919
1312,1,2,1.4390044755323173,1963,0,Suburb,284368.44781716174
3649,5,2,0.8180065997211489,1974,0,Rural,729332.6943935766
1359,3,3,0.4007452764636893,1983,0,Downtown,262101.37958713356
4472,3,3,0.7758751781743259,2016,1,Downtown,653982.3129036864
4143,1,2,1.0354494824659062,1973,0,Rural,721113.1825665775
4870,2,3,0.1605468660616685,2022,1,Suburb,867789.121155332
2270,4,1,0.44832053181944337,1975,1,Rural,350932.82925606624
1380,2,1,1.2200999617817907,1969,0,Suburb,240477.0219423055
3094,5,2,0.7165140620838588,2013,2,Suburb,751191.1684276722
3947,3,1,0.8425368559468276,1959,2,Rural,666620.2064112464
2479,1,2,0.6775832032037304,2016,2,Suburb,518449.61288288544
4306,1,2,0.11365491683235743,1973,1,Downtown,685640.106968228
3544,4,1,0.2903371807392261,1954,1,Rural,508391.5986721267
4156,2,3,0.6960353761757418,2016,1,Suburb,745307.7951837196
4845,4,1,0.3533189248414953,2007,0,Downtown,817536.1504825247
2043,3,1,0.12246959155653417,1976,1,Rural,365405.47989771207
3918,4,2,1.2732920128751444,1964,0,Downtown,697933.7984821833
2941,1,2,1.4727291672879679,1984,0,Downtown,554317.9969280411
3859,1,2,1.2000571672952722,2002,2,Downtown,684845.2957832151
3759,5,2,1.2879881364717671,1993,2,Suburb,651409.4543320672
3065,5,3,0.40086683895971575,1975,2,Rural,623076.5763572912
3279,3,3,1.4429091144941397,1996,0,Rural,534739.5945237617
2435,2,3,0.3355422714574711,1983,0,Suburb,364442.9725649394
2557,4,2,1.429573225024657,1999,0,Rural,557100.4892355716
2870,3,2,1.492487976250629,1961,1,Downtown,569700.7731317804
3649,5,2,1.0819980683317707,1953,0,Rural,661120.1931129335
4051,4,3,1.4726584110981418,1997,2,Suburb,699330.7429842092
4530,5,2,0.8758326803723003,2004,2,Downtown,792121.1065737422
3289,4,1,0.42633558560533097,1950,0,Suburb,557239.3743277814
2431,2,1,0.6836440342151503,2015,0,Downtown,379528.1822555973
3616,3,2,0.9106633562992397,1979,2,Downtown,621661.8342248232
1815,4,1,0.15596826493917174,1952,0,Rural,377485.8822076174
2148,1,1,0.9523977336950069,1970,2,Downtown,471113.22288836096
3887,1,3,1.472707863305327,1998,1,Suburb,689032.4196331791
3639,4,2,0.32565609218640507,2011,2,Rural,714187.539559533
1135,4,2,1.1992629186181558,1987,1,Suburb,205532.25484298973
1695,4,3,1.3664532509804481,1964,0,Downtown,420051.6270752895
4346,1,1,1.4183673095893201,2001,0,Suburb,704069.9254554122
1651,1,1,1.4421966263878985,1995,1,Suburb,357861.2133631565
2487,4,2,0.8061164761461344,1974,0,Downtown,472284.70861093723
2731,5,1,1.4670964665876804,1970,1,Rural,598512.6298209453
4546,5,3,1.1480998003449363,1954,0,Suburb,771640.2135899027
3227,2,3,0.28442358254359473,2019,2,Downtown,644118.7865289635
2368,3,2,0.7415051543785565,1996,0,Rural,452554.72992274445
4800,5,3,1.0915802042894058,2017,2,Rural,885916.330185305
3538,1,3,0.4086434579376708,1967,2,Rural,616680.174500793
4298,5,2,0.9788920161458867,1970,1,Suburb,730494.1850982121
4713,2,3,1.0165706946175979,1972,0,Suburb,816076.4655970184
1866,2,3,0.28591462852242056,2013,1,Suburb,397485.8814643574
3244,3,3,0.8693737030564966,2016,0,Rural,637549.4864814664
4907,5,1,1.168859020918981,1989,2,Suburb,871652.4377030227
4173,1,2,0.7733987135771158,1959,2,Downtown,749317.701752154
4769,1,2,0.06754951932535577,2001,0,Suburb,841876.4211888756
3346,4,2,0.06310578016497366,2021,0,Suburb,569630.9495119094
1553,1,1,0.5676925487565176,2010,1,Rural,361242.47600466886
2882,3,1,1.3929813992260838,2013,0,Suburb,490842.806629029
3574,3,2,0.3815813304252327,1954,0,Downtown,648624.4210153915
3696,1,1,0.9698273488639464,2002,0,Rural,669283.4862124224
4985,1,2,0.3720100125053148,2004,1,Downtown,745124.3556669811
1575,4,1,0.5164214850063455,1986,0,Rural,337727.3920265974
2425,1,3,1.2796610299221518,2005,2,Rural,471918.4149304273
3869,4,3,1.106849091291423,2008,1,Suburb,697048.7189290597
1217,4,2,0.1883289521041554,2018,1,Downtown,376359.1955770334
914,1,1,0.6716179304303288,2022,2,Rural,202348.4015767356
1416,2,1,0.09229615728563348,2008,2,Suburb,261427.07668981014
4774,2,3,0.7472907125743631,1951,2,Rural,823830.561251742
4067,4,3,1.0105293169665486,2014,0,Rural,795040.0736542519
1625,1,1,0.22182880421731976,2009,2,Rural,319104.14678384
2316,2,1,0.4688831614182902,2000,0,Rural,488596.1905118284
3946,1,1,0.6268631069781275,1979,1,Rural,688986.045237767
1212,1,1,1.3833199857512721,1960,1,Rural,149055.83372845393
1528,1,1,1.4902197723632977,1988,2,Suburb,300031.04727191554
4148,5,1,0.11512138354364299,2021,0,Rural,710410.3227032879
3608,1,2,1.1534614890683184,2012,2,Downtown,682737.2774528376
1475,5,1,0.5889998962833978,2013,2,Suburb,221789.1451069624
4265,4,3,0.6190643700327461,2010,0,Downtown,908081.772836541
3304,2,2,1.1436842113531829,2003,2,Rural,645024.9889717741
3767,2,1,1.3817183266108426,2022,1,Downtown,689628.2067281015
3586,2,3,1.4288464620286951,2007,2,Rural,742555.3150615313
1922,2,2,0.8868277497555651,2005,0,Rural,514219.25763574254
4879,2,3,0.567825680985729,1983,0,Suburb,881743.8458491347
2371,2,1,1.19194617449523,1980,1,Suburb,495429.5783134856
2943,2,1,0.41395200573033536,2001,0,Rural,530263.5413378258
2487,4,1,0.8679073418086007,1950,0,Suburb,451831.8591678246
4932,1,1,0.5699387692110661,2004,1,Downtown,797909.0031839763
4651,3,2,1.0021150568764203,1971,2,Suburb,770386.7015518013
4240,5,2,0.398578423695585,1989,1,Suburb,727620.8634889369
4566,3,3,0.3278097713154973,1950,2,Downtown,722428.3972091607
3126,3,1,1.3814466756793837,2014,1,Suburb,588235.3609793365
3714,1,3,0.19761534027682848,2012,2,Rural,586318.9279442172
4752,1,2,0.7836389662156509,2003,1,Downtown,823018.6055314986
1395,1,1,0.3702365352963629,1991,2,Rural,283838.2003038102
1528,2,1,0.1064484468222178,1970,1,Downtown,302175.73385577876
2165,4,2,0.10222728652256827,1971,2,Rural,404687.96722945175
1498,2,2,0.3040715695534496,1987,1,Rural,471624.4499000941
1195,4,2,1.3068170140337003,1957,0,Suburb,360392.13528968964
4971,4,2,0.4595941787666886,2011,2,Rural,816614.7585710976
3302,3,2,1.4281657973341788,1996,1,Suburb,637006.7203180285
2619,3,1,0.8933523248343307,1966,2,Downtown,456816.7393498205
1517,4,2,0.6830905751647108,1966,2,Rural,291987.8251679235
3582,4,1,0.8911288102707092,1962,1,Rural,567618.9726492174
4377,2,1,0.7992126585780883,1966,2,Downtown,760645.0877095244
943,2,2,1.1502255679481215,1987,1,Downtown,217385.49960548375
3940,3,2,0.45961929566063575,1994,0,Rural,744083.6871144729
3738,1,1,0.5619230678204384,1955,2,Downtown,672627.5720829307
4436,4,2,1.3464367386732135,1984,0,Suburb,861524.4540340367
4022,2,2,1.422361944068088,1963,2,Downtown,669127.9005776566
1967,3,2,1.344209429855388,2021,2,Downtown,464702.46913170826
3416,2,3,0.6581995912381047,2010,2,Rural,675686.7026568771
1862,4,1,1.1815299793599785,1964,1,Suburb,359721.69083200133
2956,4,3,0.7406868132865932,2003,0,Downtown,544625.1383960882
3782,5,2,0.7714327856118482,1976,2,Suburb,779704.6890010356
4094,1,3,0.34678615813306174,1962,1,Suburb,711910.5169492639
1956,5,2,0.9071389397248488,1980,2,Suburb,461841.16633008386
1532,3,3,0.3198970517423545,1984,1,Rural,305594.1404434508
1753,2,2,0.530768813647431,2009,2,Downtown,315601.15294683893
3339,3,3,1.289793792348906,1955,0,Rural,589173.3871223726
4124,4,3,0.3502599233557401,2018,0,Downtown,751904.129097615
4101,5,3,0.15317951350147757,2007,2,Downtown,712002.5899291621
2342,5,1,0.15006100928858362,1998,1,Rural,461308.9797532525
1991,5,3,1.4141375547295065,1972,2,Suburb,372007.49169116514
3793,3,1,0.7850346350446602,1983,1,Suburb,608648.3215773995
3481,4,2,0.6436475041346766,1975,2,Downtown,674568.5124965373
2017,2,3,1.2257739424614817,1996,1,Rural,463755.00486312434
2340,2,2,1.2619475954702482,1954,0,Suburb,422145.11364006164
4036,3,2,0.5316769980176267,1969,2,Suburb,658145.3245065049
3186,5,3,1.0557461833370032,1955,0,Downtown,558644.7460904395
4519,1,1,1.1681280829852356,2019,0,Downtown,755549.149362639
2188,3,3,0.9992434959556341,2008,2,Rural,507910.79450137727
2656,3,2,0.2698128584601441,2013,2,Downtown,565208.5417364191
2165,4,2,1.3200304710997326,1967,1,Suburb,423324.0226478962
1299,2,3,0.8316871014672126,1953,1,Suburb,238809.12073010506
2480,3,1,0.4595850182365053,1966,0,Suburb,461083.88225804677
1310,3,1,0.6665808688846562,1963,1,Suburb,238654.86884640064
2124,5,2,0.1044780810784157,1962,1,Rural,399276.9296785082
1955,5,2,0.23540686177250547,1956,2,Rural,470721.941757302
2627,1,1,1.1600427882479982,1993,1,Downtown,523606.62719324837
3941,4,3,0.05001687039528091,1964,0,Downtown,705549.0530204782
4286,1,2,0.6540204512993237,1968,1,Downtown,659884.4589703503
2610,5,1,0.8076397625741033,2012,0,Rural,527722.623625015
3723,2,2,0.12921990900140984,1984,2,Suburb,704667.2627194045
3014,5,3,1.4609633363098826,1984,0,Downtown,588037.5834379209
4986,4,1,0.37788173031202427,1968,1,Suburb,905513.3391055762
1513,5,2,0.4910881434726072,1969,2,Downtown,414409.02734536247
4402,4,3,0.4907166427697896,1984,1,Downtown,873800.9744625695
4934,4,2,0.38410416007015735,1981,2,Downtown,872044.2395279708
4322,4,3,0.052137042025151556,1997,2,Downtown,810712.3258308036
2043,4,3,1.1075499514275948,1993,1,Downtown,524310.3634451064
4509,4,1,1.4519259747089637,1973,1,Suburb,812758.216347628
1881,2,3,0.3752255507633153,2010,2,Downtown,383092.8056257557
1255,1,2,1.0114184281149625,1966,2,Suburb,257551.22673590615
1694,3,3,1.125749674090137,2020,1,Rural,417042.7411704897
2184,1,3,1.2802167996812608,1999,0,Downtown,381676.2648963143
2758,4,1,0.6628123356697333,2014,1,Suburb,525293.300945185
3872,2,3,0.4892498131786224,1981,2,Rural,749412.3521750851
2796,5,3,0.5216779443333951,1985,1,Rural,451270.8663284039
1304,2,2,1.0833009329928436,1962,0,Rural,363490.1237495826
2014,4,1,1.2343302264331724,2019,1,Suburb,490905.3154638214
2331,2,1,0.3133402532470738,2007,2,Downtown,419928.57427341765
4240,2,1,0.5878644618287596,1963,1,Downtown,734926.8306301658
1623,4,3,1.3578132852862677,1986,2,Suburb,397263.65205104166
1728,2,1,1.219705603557372,2017,2,Downtown,437093.6304930816
933,3,3,1.4780446840055899,1989,1,Suburb,331645.05081860884
2905,3,3,1.1436599765390172,2008,2,Downtown,516119.66337162984
4427,2,2,0.6201330414904873,1965,2,Rural,786815.7815030186
2652,5,2,0.9064248592922248,2011,0,Downtown,529647.1045036821
4975,4,2,1.0084706686586145,1953,0,Suburb,855561.0418990772
3733,3,2,0.16376093365982974,1994,0,Suburb,622316.6236247058
4084,5,2,0.8395205907006044,1977,0,Rural,823797.2652700539
3611,2,3,1.0785152012852839,2015,2,Suburb,736223.3950208345
2050,5,3,0.29261589080153755,1980,1,Downtown,404863.75961738237
4312,1,1,1.181915990267058,1952,2,Downtown,653207.7894598296
2056,3,3,0.8964705317454619,1957,2,Rural,409045.7790860168
4176,2,3,1.4307215892615122,1973,2,Suburb,776739.5640897956
4286,4,2,0.11151233239999296,1964,1,Rural,752640.538845311
4384,2,3,0.4347228994554271,1992,0,Downtown,828451.0992275206
2196,4,2,0.9222531249847449,1980,2,Rural,495841.0486087375
4437,2,1,0.48001187269859946,2022,2,Suburb,818128.6887416174
4130,5,1,1.0859150379033011,1994,0,Rural,758061.0707885879
3503,5,3,1.1505576596568,2015,2,Suburb,629996.2166825865
1270,5,1,0.19864814789638796,1957,1,Suburb,271688.0364005827
2153,1,3,0.7950889730998132,2020,2,Downtown,505356.26645742956
3583,4,1,0.787891305607031,2006,2,Downtown,657131.6796859084
3631,5,2,0.5854571168125345,1979,0,Downtown,689513.6607674381
1157,1,2,1.4027410507260245,1967,2,Suburb,257667.40525221382
3819,4,2,1.2498841638161708,2018,2,Rural,673857.0908492311
1467,2,2,1.0609536037689733,1988,1,Suburb,322601.86887307395
1945,1,3,1.0857736218157465,2009,0,Downtown,426917.8445879476
4985,3,1,0.7194884085290227,1992,0,Downtown,808855.3821975084
4519,1,3,1.385442055590035,1994,1,Rural,789273.2788689673
3545,1,2,1.0571633695172638,1972,2,Downtown,580420.1052910461
1339,4,3,1.1070225394009339,2018,0,Downtown,411452.6966662235
3579,2,1,1.2994518104916506,1955,0,Downtown,599116.2483304313
4936,3,3,0.44740380454617695,2005,2,Rural,947985.8533472327
4575,5,1,1.2202528106067194,1953,2,Suburb,877092.4487391799
3308,5,3,0.3330988742869134,1972,0,Downtown,618309.679249651
3579,1,1,0.5507458307550874,1955,2,Rural,548442.4799877342
1724,4,1,0.5366351586912719,1981,0,Downtown,249037.8092871586
3756,4,2,1.4688619291642537,1967,2,Rural,621175.3849319456
2381,5,1,1.2919789744344938,1964,2,Downtown,409797.8382437569
4124,3,2,1.0666962993058766,1989,1,Rural,806857.4073591928
1055,2,2,1.1042323043423157,2022,2,Downtown,295625.87544819363
2638,3,2,0.8650055518837281,1955,1,Suburb,513480.33724227396
2744,2,3,1.4232814673073526,2012,2,Downtown,448544.57889939076
809,5,3,0.7695751916794242,2016,0,Rural,218343.18237272542
3671,2,3,0.6017506793113471,1960,0,Downtown,690539.0024085413
1597,4,3,0.28640123855080696,1992,2,Suburb,389116.73039014544
1815,1,1,1.1899981957785342,1966,2,Downtown,345189.69998129085
2624,1,1,1.1149437015096075,1953,0,Rural,484140.99196019827
3936,5,3,0.6073148058599956,2012,2,Rural,833836.1864239906
2993,4,1,0.08653045024088257,2017,1,Suburb,546628.4858279652
1023,3,1,1.2665461251911156,1990,1,Rural,265749.41263672576
4958,4,2,0.06655607600840677,1954,1,Downtown,845160.9674567335
4725,1,2,1.0703646804621239,1981,1,Downtown,923762.7753729421
4800,1,2,1.4568728091027827,2019,1,Downtown,737169.6429611044
2433,4,2,0.6846089258148951,1984,2,Rural,523303.3292557383
2952,4,1,0.3907114372441315,1971,2,Downtown,533874.1163069294
1310,1,3,1.0720629645629034,2014,1,Downtown,351779.84560046706
1184,3,1,1.2348358059225986,1971,2,Downtown,248428.08841871575
1204,5,1,0.8423239583128787,1960,2,Suburb,288498.227623335
2800,5,1,1.452201149121412,1952,1,Rural,569114.551955703
3556,4,2,0.1249196464040436,1958,2,Rural,789043.9029802729
2468,5,2,0.7819536175415658,2009,2,Rural,559240.8818209349
2260,1,2,1.0917582236176977,1963,2,Suburb,388431.8845708285
4436,1,3,1.3008286831663096,1967,1,Rural,752228.589562191
3524,4,1,0.30992063726629554,2022,2,Suburb,626627.7073261333
4978,4,3,1.2100050485573381,1972,0,Suburb,790617.9423396459
2848,4,2,0.8514252597918907,1996,0,Rural,534223.995610766
4946,3,3,0.6250028388854467,2018,1,Downtown,918541.5108687961
1516,5,1,0.24098679143968565,1996,0,Downtown,270008.129874954
2623,4,1,1.304678850417923,1979,1,Rural,559967.709560888
2881,2,2,0.27804615186058723,1974,0,Rural,537599.6640914286
4219,2,2,0.49919239585319386,1977,0,Suburb,683122.1818185119
2374,1,3,0.47056602134553344,1974,0,Rural,438934.8385600183
1049,5,2,1.3135503495767387,2007,1,Suburb,390537.09737358644
1473,4,2,1.025419341602902,1990,1,Rural,386635.7775073513
2965,2,1,1.2051880259274899,1974,2,Downtown,539792.9432634573
1570,5,2,0.4131784532491235,1997,1,Downtown,353879.40321693325
4762,1,2,0.9560674444301485,1959,0,Rural,795251.8024111859
2784,3,1,0.8790316755584356,1960,0,Suburb,473092.4556140536
1877,5,1,1.2576040463429932,1970,1,Downtown,294964.60564090917
1035,5,3,1.3638262376978278,1994,1,Suburb,420135.4202806931
1188,3,2,0.06762731864221087,1956,1,Rural,268818.79633281427
3837,5,1,1.0273288826352494,2013,2,Rural,736003.9409088319
2648,1,3,0.12516190872360708,2013,0,Downtown,496807.8506806267
3614,1,3,0.8458450643621661,1951,2,Rural,601261.061251014
4174,3,2,0.46706745711333336,1991,2,Downtown,730145.1250948281
4078,4,2,0.4948260693071047,2003,0,Suburb,651626.7832764266
2052,2,3,0.5617898300059171,1965,0,Downtown,518890.12150278356
4781,4,1,0.9508740511219347,1967,1,Downtown,756441.881101319
2922,5,3,0.5343724502197154,2008,1,Suburb,539889.1348120354
2950,2,2,1.1124136233559065,1965,2,Downtown,523735.3122477981
2129,3,1,0.636564709082111,1955,1,Downtown,462485.0804242611
2158,3,1,0.14911214044944,2006,1,Rural,418907.6927721215
3282,2,3,1.1864517716019556,1996,0,Suburb,555722.245630516
2817,1,2,0.46434957065942367,1997,0,Downtown,571553.9094510555
2131,2,3,0.6775119754189308,1991,1,Suburb,473750.2708476527
2158,5,3,1.0438936306717572,2009,0,Suburb,509499.62047425774
3977,1,3,0.5320614278656324,1953,1,Downtown,717977.9406158547
2928,3,1,0.13204920141273765,1951,0,Rural,620559.0790573773
2980,2,1,0.5921855181685798,2008,0,Suburb,645598.4551151772
937,4,2,1.41945044490674,1976,0,Downtown,231103.24174797005
4272,4,2,0.9805148760829094,1976,0,Suburb,838104.5471622158
3632,5,3,1.02364476556745,2021,1,Rural,733431.304799294
4379,4,3,0.9668091227745778,1956,2,Rural,812640.973262379
3831,2,3,0.3385386014911833,2012,0,Rural,606307.2304476572
4964,2,2,0.6565841029483062,1995,1,Downtown,840212.3937895563
3393,4,1,1.1388627076268114,2012,1,Downtown,595586.074635708
4618,2,1,0.19699070145208075,1961,0,Rural,792042.754773707
4938,5,3,0.4528865253300828,1962,2,Downtown,927811.7555267419
4623,1,3,0.45066270727548774,1992,0,Rural,688238.9365946943
4842,5,3,0.6764274450120337,1966,1,Downtown,860226.8057000272
2706,5,3,1.4715346743661684,2012,2,Rural,640923.768727036
1560,2,2,0.1478786926915418,1985,1,Suburb,313623.62573815853
4245,1,1,0.8021164418518628,1957,0,Rural,731245.5110871554
1699,2,3,0.31007878891770513,2018,2,Rural,401109.8491597083
3747,3,2,1.457480990844129,1985,1,Downtown,704282.6314145138
2519,2,3,0.21429008185482307,1977,1,Downtown,465570.0527336816
1080,2,3,0.6352214534243074,1996,1,Downtown,220375.38886170066
4066,2,1,1.119933228010179,1979,0,Downtown,639222.1571889522
2687,1,3,1.0716039206397956,1972,2,Downtown,549449.7041355618
4066,2,1,0.6629565234962018,1965,0,Downtown,680132.0432458682
1466,1,1,0.5524600435314415,1963,0,Suburb,269023.58864026755
4988,4,1,0.6265379489016624,2020,0,Rural,843036.2568619156
1471,3,2,0.43320058158002694,2001,2,Rural,323054.569357563
2769,1,2,0.3477327611248597,1986,0,Rural,546150.2449469041
4956,4,1,0.7504075614603904,1978,0,Suburb,824145.9471358064
3922,1,3,0.4393739462980306,2016,0,Rural,631534.2432608822
4700,1,1,0.46681941410101263,1964,0,Suburb,797018.9770590289
1323,3,3,1.0022962920381078,1996,1,Suburb,324752.0926475263
3193,5,1,1.4543791309648437,1995,0,Suburb,610607.3758959357
3917,5,3,0.9252739408110939,2001,1,Rural,825434.3941361974
3393,1,2,0.1616202272442011,1968,0,Suburb,573654.3766773586
2768,2,3,0.15959624008839712,1970,2,Rural,531351.1084577042
2553,4,1,1.4295636702260706,2013,1,Rural,457595.0988396051
3096,2,2,0.48107164594563373,1986,1,Downtown,549537.9603013648
3061,2,3,0.18349712981958938,1976,1,Downtown,589796.2448568218
3086,1,3,0.9186146513680533,2004,1,Suburb,504003.6063352989
3678,1,3,0.9542907285208859,1978,2,Suburb,673328.0692262033
4943,1,3,0.9903319891720979,1969,0,Rural,844296.1934156822
4444,1,3,0.43773294039343486,1974,1,Suburb,762919.0315872406
2855,5,2,0.0719104921109888,2019,2,Suburb,619546.154775132
2076,1,2,1.4492722857089841,2012,1,Rural,446607.37145660573
3566,5,2,0.4137949162520986,1985,0,Suburb,728079.4932428641
1102,5,2,1.0302381176761939,1951,1,Suburb,235225.28657382206
1438,1,1,1.074613311324129,1971,2,Rural,302988.4945874
855,3,2,0.9345107547652542,1965,0,Rural,232163.55441480246
1325,4,3,0.50371572160979,1967,2,Downtown,272361.5897444418
4923,2,3,0.44308956795789534,2018,0,Rural,907626.5414637252
2925,5,2,0.9166190099189195,2003,0,Downtown,693316.0454910193
4087,4,3,1.3058386687369528,1979,0,Suburb,751316.4696505476
1164,3,2,1.4227639069389235,1994,1,Rural,328806.33255246683
2446,2,3,0.20356341638544856,1968,2,Rural,472697.19211847533
1718,2,1,0.2745014882666938,1983,2,Rural,302510.7962699751
3597,5,1,1.4198675752354655,1962,2,Suburb,571409.3376146085
2331,1,2,1.1179760810854493,1992,0,Downtown,411220.84746694076
4145,3,2,1.330341046003171,2011,1,Suburb,687758.9018724768
2706,5,2,0.34381731949624755,1971,0,Suburb,601981.4502928809
3886,3,3,0.9019995131086327,2001,2,Rural,719184.5055660107
2875,1,2,1.0666524119053369,2001,1,Downtown,519287.08178574825
1513,1,1,1.0361622338981102,1985,1,Suburb,353130.9359173525
1862,5,3,0.6418199517567122,2022,1,Rural,385548.84389233985
2776,1,2,0.07232259295239729,1968,2,Suburb,452003.2499588203
2096,4,3,0.8952427823661816,1987,1,Suburb,457708.4691097547
925,2,3,0.4169972318104327,2019,1,Rural,316528.3942073827
4396,5,2,0.702868656907191,2006,0,Rural,820041.6253965832
4083,3,3,1.438492471871535,1969,0,Downtown,751636.1065632248
2403,4,1,0.6286012105815304,1958,1,Suburb,454427.9109734314
866,5,1,1.2677123296634187,1981,1,Rural,274266.0393696071
1032,1,3,0.32338387833641413,1953,0,Rural,241350.322823191
2956,1,2,1.0250677221362918,1999,0,Downtown,490402.7407038791
1969,1,3,1.466660083936468,1954,0,Downtown,397487.16276038694
2958,1,1,0.19774499626575837,1969,2,Rural,451970.46697942755
2293,3,3,0.06206391622942842,1986,2,Downtown,465745.40546962974
4807,4,3,0.6786950493172909,1971,0,Rural,819591.5039119337
3272,2,1,0.18430695042448242,2007,1,Suburb,703455.2201476328
3460,3,3,1.1351573070305354,2017,0,Downtown,661708.426953025
3539,3,3,1.3760955625804105,1993,2,Suburb,608159.9329385287
2561,2,2,0.6793304104277004,1983,1,Suburb,476027.59767470777
4314,2,2,0.42513188112538935,1991,2,Suburb,775570.5749044021
2775,1,1,0.6798848125595842,1958,1,Rural,561015.8935588178
3162,3,1,1.0989993358825014,1956,2,Suburb,538307.3667207141
1676,5,1,0.06312853429153792,2017,1,Suburb,290541.1719846488
4612,2,2,0.904708284752811,1968,1,Suburb,828236.0162666052
4248,2,1,0.9392729430866996,1980,1,Rural,655455.5235667515
2112,4,1,0.9746479579991065,1984,1,Suburb,404985.1870846079
2260,5,1,0.40093201597227196,2006,2,Suburb,450637.6160438958
3509,5,2,1.0853764488982838,2010,2,Downtown,678075.8563129603
3124,2,3,0.18251765518107577,1980,1,Rural,605208.5759573383
2533,1,1,0.33894198787686114,2002,1,Suburb,422047.1256432179
2405,4,3,1.3223315676489988,1981,2,Downtown,497510.1687446419
3363,5,1,1.1211485685535212,2015,1,Rural,642159.4537236011
4221,2,3,0.06993105331645061,2008,1,Rural,754528.5189422684
4317,5,2,0.4101455775362103,1959,1,Rural,763644.2702861204
3197,4,2,0.3608894003400886,1951,0,Rural,592568.0767679308
4535,4,1,0.4426691756536102,2015,1,Rural,837295.358995159
3670,3,3,0.40896166690583524,2009,0,Rural,696310.9391206651
1960,2,2,0.14066312882712634,1966,1,Suburb,395992.5387520034
1042,4,1,0.7154637490653896,1965,2,Suburb,177498.11664398393
3390,3,1,1.1124635384399395,1965,0,Suburb,599260.6557270827
1863,3,2,0.9297610008402828,1995,0,Suburb,418020.59741688607
3395,5,2,1.0256639194672157,1988,1,Downtown,683710.3381178669
1719,5,1,0.16766630887754677,1980,1,Suburb,325085.78746586124
805,3,3,1.4296615297563415,1950,0,Rural,204891.26685069455
1267,5,3,1.265813159072386,1960,2,Suburb,310161.22941726784
4970,4,3,1.217380961818711,1953,2,Suburb,906668.3142309415
803,1,1,1.2433265173105628,2020,1,Rural,275510.5830924217
1445,4,2,1.402430236792504,1975,2,Suburb,330425.59937127
917,3,1,0.8391682508648617,1999,2,Suburb,292731.48069864966
3728,3,2,0.34040892590805755,1961,1,Suburb,656182.1689763909
3351,4,3,0.9443362313861847,2014,2,Downtown,655822.4357696018
1646,5,3,1.1271781658185116,1996,1,Suburb,395374.3518254718
3562,5,2,1.1199802203633369,2002,0,Rural,713530.1726373746
1941,3,2,0.8061010850419762,2020,1,Rural,437050.912540193
2610,2,1,0.14926514303368818,1951,0,Suburb,557276.5742430557
1523,5,3,0.5881137607236854,1973,0,Suburb,317601.04306460754
1024,4,1,1.385111582271868,1953,2,Suburb,287207.3167469362
2848,5,1,0.8974509191482678,1968,2,Rural,516188.9678923897
2373,4,1,0.8305813177207845,1975,2,Rural,420097.2770049835
2628,3,3,0.4398375958541806,1989,1,Downtown,515453.39506533503
2717,5,1,0.5842509338790395,1999,2,Downtown,539102.6426479325
2826,4,1,1.3482518292720955,1992,0,Downtown,686273.7143384465
4544,3,1,1.0163714189139117,2016,2,Rural,794220.1375941181
1701,2,1,1.1917111887908827,1961,2,Downtown,286475.2873015835
2839,4,1,0.7088008634481,2016,1,Suburb,560176.5531436813
809,2,1,0.963858468211429,1976,1,Suburb,103395.16748691017
1060,2,3,0.4101562326776509,2003,0,Rural,267605.2855233397
2473,1,1,1.0729182039110552,2015,1,Downtown,469209.6281929791
3019,5,2,0.6700219338698391,1998,2,Suburb,633480.4578246573
2860,4,1,0.6916909964813811,1965,1,Rural,572514.93240102
4513,2,1,0.9915173706364784,1951,0,Downtown,720601.8664673436
2419,1,3,1.4076069011299437,2009,2,Suburb,491471.4372911022
1120,3,3,0.14280920258250035,2003,0,Downtown,247550.14252111645
2142,4,2,1.245877694153161,1979,1,Rural,392814.4261426785
3176,2,2,0.47395551009768,1987,1,Downtown,588373.8491709853
3632,5,3,0.6936832090342478,1977,0,Rural,616994.386750855
3624,1,3,0.08177432672376299,1974,2,Downtown,615004.141505882
2794,2,1,0.48651681285975384,1959,1,Suburb,437071.63826223323
3758,5,3,0.7788153018136892,2009,1,Rural,749760.4653507868
2838,2,2,0.13145531215378659,1991,2,Rural,612400.6112064001
4290,4,1,0.7620888076055895,1989,1,Rural,686662.3770119452
4477,4,2,1.3943104118447196,1991,0,Downtown,710785.2840920158
1918,4,1,0.20282016625631755,1996,1,Downtown,382012.059057623
2404,1,3,1.1584390557094812,1986,1,Suburb,476053.6709120776
4827,4,2,0.6440230273951894,1971,2,Rural,851863.4258857687
1035,5,1,1.0000018860602902,2006,0,Rural,259434.01195948856
2769,2,1,0.42734306707858255,1976,2,Downtown,485364.8964003001
2708,3,3,0.2812637806849695,1990,1,Downtown,543700.7961407294
1175,5,3,0.28267079069327833,1983,1,Suburb,363924.9604461075
4330,5,3,0.15221332118255976,1981,2,Suburb,688791.8279077371
3435,4,2,0.31918772210680235,2015,2,Downtown,629186.7824905629
2370,1,1,1.013118108234004,1961,2,Rural,440452.80186173326
3360,2,3,1.3284513871730868,1989,0,Suburb,582670.2225129249
4191,1,2,1.2304822441071848,2022,1,Downtown,834318.1264705086
3765,2,2,1.043444749318002,2022,2,Downtown,663348.4009749232
4443,2,2,0.21012620194609888,1959,1,Rural,741587.8896885578
4650,1,3,0.46932179712912725,1997,0,Downtown,826687.540784697
1672,5,3,0.49921996921758,1969,0,Downtown,349220.1599442569
2052,2,1,0.41243757227655076,1988,0,Suburb,291220.0990553102
2114,1,1,0.7967582065790986,2009,0,Downtown,379602.4377857553
3698,2,3,0.8265530315755253,2015,1,Downtown,738703.0884278625
877,3,2,0.5674846639981098,2014,0,Suburb,231554.9369407053
3421,5,2,0.5629942801678323,2000,0,Rural,600588.1705304077
1400,4,2,1.251405616963818,1985,2,Rural,392311.72281441244
1865,2,1,1.194474630063544,1973,0,Suburb,347100.7478001183
2936,3,2,0.49630395593708115,1976,2,Suburb,521318.0384362308
3249,4,1,1.374993243616226,1951,0,Rural,591322.66935549
3143,4,1,1.4315817746536337,1980,0,Rural,622119.1459740121
2663,2,2,0.5237766859435592,2006,2,Rural,630511.2103054984
2118,1,2,0.5639161757499296,2015,0,Rural,456340.1288978697
4397,2,3,0.7831695224618404,1978,1,Rural,830705.3887686541
4562,3,3,1.4146251781738266,1964,1,Suburb,787794.1936140837
2990,4,2,1.3206631780563518,1961,0,Downtown,512619.8582626532
1792,2,1,0.1987235457462052,1977,1,Rural,342891.03839588026
3512,1,1,0.6194595777435535,1973,2,Rural,604547.6873178509
2992,2,1,0.8523882251371692,1970,0,Downtown,470422.12743451353
2048,5,1,0.7795420851997331,1959,0,Downtown,397026.115208794
3854,1,1,0.3311014485084944,1967,2,Downtown,661687.9090561264
4833,3,3,1.2952843181938243,1963,2,Downtown,873875.3561147804
2797,4,2,1.0315641353454141,1983,2,Downtown,575395.6753761219
4487,2,3,1.2649671435351153,2007,0,Downtown,819897.5793775744
2951,1,1,1.2952082050567346,1971,2,Suburb,502203.73113763187
4818,5,1,1.1351159878153227,2019,2,Downtown,842707.2884238643
3910,1,1,0.6868553718120901,1985,1,Downtown,601289.537536548
2770,5,1,0.9352927947723656,1994,1,Suburb,628944.607854702
997,3,2,0.28252983887362754,1985,0,Downtown,246873.1150084372
3426,4,1,1.0267858553386162,1971,1,Rural,607193.0643170298
2002,3,2,0.30991722082195705,2010,1,Rural,368558.7403438162
2835,2,1,1.0562269062397274,2005,2,Downtown,679157.4332411835
1277,1,2,0.38291733309325454,1982,2,Suburb,225041.9450507203
2054,5,3,0.22044938521781898,1994,1,Rural,426566.5914240527
1722,5,1,0.28966251070728827,1985,1,Suburb,385885.09202844877
1219,1,2,0.052888596067651894,1969,1,Rural,281918.42020856694
3004,1,3,1.092172445887619,1967,0,Downtown,597340.0516785366
3397,2,1,1.1119815211346498,1987,0,Suburb,689170.0558111562
1920,3,1,0.7966533573742263,2016,0,Suburb,420740.9499205201
3868,5,1,0.28397606153030636,1972,1,Suburb,627577.9812322727
1750,2,2,0.17115378939050013,1965,1,Rural,329075.81953172095
3136,3,2,0.07773700133406616,2008,0,Rural,589846.3586523756
3043,2,3,0.29033485659957003,2018,0,Rural,678167.9992072826
3445,5,2,1.3417405257255628,2017,1,Downtown,605694.5365932964
2657,1,2,0.40022842046743856,1970,2,Rural,540183.3936706102
2665,1,1,0.5636934244649627,2019,0,Downtown,493019.5869666201
3712,3,1,0.20275095249793312,1961,1,Suburb,671746.5458114328
3653,4,1,0.37242389188484687,1965,1,Suburb,631298.7420059002
4028,3,1,0.8028756276312975,1963,2,Downtown,653135.8810463096
4519,4,1,0.9312413904886963,2010,1,Rural,837518.4667798405
4028,2,1,0.405760855541006,2020,1,Downtown,733536.7684661011
3171,2,1,0.13371163087641996,1995,0,Suburb,597927.0809045145
3691,5,3,0.616997660234728,1981,0,Suburb,689324.7214357628
4556,4,3,0.38959488784318447,1964,2,Downtown,776700.7965908713
894,5,3,0.3683531886832128,1993,2,Rural,203527.71402247215
3474,1,3,1.44180106393451,1966,1,Rural,672404.6846856605
2755,4,1,0.9436357045923,1990,0,Downtown,541817.1882140454
1593,3,3,0.857473742599539,2003,2,Downtown,332810.3432087928
2634,1,1,0.6528739001088169,1993,2,Rural,451228.7943373451
2916,1,3,0.6719692834737092,1954,2,Suburb,508001.4450719021
4906,3,2,0.8343122555652173,1976,1,Downtown,769937.0235121835
4125,1,3,1.0598232202023554,1992,0,Rural,688562.3445737904
3719,4,3,1.0681118394636526,1980,2,Rural,646020.7189489554
3397,5,1,0.2989561661729019,1966,0,Suburb,581405.1727290612
4005,1,3,0.7751634905111091,2003,2,Suburb,684318.394893744
1614,4,2,0.6473392377994479,2011,2,Suburb,297696.5387126515
1145,2,1,1.312264101090607,1981,0,Suburb,363124.7935502862
3149,4,1,0.9655574357666458,1989,0,Suburb,642288.1852667945
1162,5,3,0.8221308963031736,1962,0,Downtown,266291.6468500642
3243,4,1,0.21732223115943017,1984,1,Rural,594917.5144558691
3065,3,1,0.9281749395189466,1954,2,Downtown,569686.7532814436
2988,5,1,0.21994566323633846,2022,1,Downtown,631653.2060034006
3805,2,1,0.5389495345703404,1978,0,Downtown,603098.7393584028
4081,3,1,0.2571208489807812,2019,2,Downtown,774897.7561787369
1784,4,1,1.0535067881853348,1974,1,Downtown,346774.87055336
2439,5,2,0.34906556506242126,1971,2,Suburb,420038.19109281775
1627,2,3,0.6181960911226377,2015,1,Suburb,408620.7497881776
3530,3,2,1.348728427547229,1994,0,Rural,716512.489757066
4331,2,1,0.3462587559285069,2018,1,Downtown,873470.6237951043
3735,4,1,0.7863173427402297,2021,2,Rural,629990.0836002938
4676,2,3,0.6579439086907319,1950,2,Suburb,838004.8624278541
926,1,2,0.07627985951630811,1993,2,Suburb,204935.5350006495
3977,3,3,1.1994992646805784,1988,2,Suburb,777207.9208198132
3856,2,2,0.15011656415616959,2003,0,Downtown,597877.8537215608
1403,4,1,0.7376697804165827,1978,1,Downtown,249564.90682340346
4249,4,3,0.8629835276614775,2003,0,Suburb,740815.9293949053
4946,2,3,0.9612183620911513,1965,0,Rural,851072.5695252272
4333,4,1,1.0485158624964195,1969,0,Rural,716866.2539230105
4167,5,3,0.4172449561079368,1995,2,Suburb,807347.6163178297
4168,5,2,0.06446922615475159,2016,2,Rural,814334.1154359907
4597,5,2,1.0989933104146223,2014,2,Suburb,877008.7432705602
2592,1,2,0.826702069053989,2007,1,Rural,573273.4233641232
3661,2,2,1.2623706696505108,2002,2,Suburb,694688.7448657774
4276,1,1,1.2410131262060067,1950,1,Rural,648875.4270071118
4217,4,3,1.2728229432924305,2015,2,Downtown,867175.2845427656
2445,1,2,0.7533872569703333,1978,2,Suburb,429059.93335910677
2005,4,1,0.5337611739634552,2019,0,Suburb,459946.14846354764
3830,4,3,1.1977593937574864,1957,0,Rural,779141.898702905
3672,3,3,0.7043764638924197,1978,0,Suburb,690221.9298143684
3872,5,1,0.31599118478498,2000,1,Suburb,620811.883037467
2654,4,1,1.2897123283641378,1982,1,Suburb,467483.63824179315
4821,3,2,1.3297118213199035,1952,2,Downtown,900381.4597706548
3508,5,3,0.7261491464032467,2009,1,Downtown,675266.848645924
4302,4,3,0.15976460459919184,1984,2,Rural,777973.9688390922
2132,4,1,0.6123478303795503,2018,1,Downtown,477488.17741577147
1001,1,3,1.2151296062207748,1969,1,Rural,292268.73522843164
4307,1,2,1.3575723413920315,2022,1,Downtown,781641.4374471137
1374,5,3,0.34503547662151396,1988,0,Rural,330067.29097140697
1336,4,1,0.1471117374366437,1953,1,Downtown,262708.812462115
2425,2,1,1.322158157042616,1968,0,Downtown,490588.10440541944
2922,1,2,0.6146371615193692,1994,0,Rural,553771.219783777
1185,5,2,0.8355533981879667,1992,1,Suburb,301096.0679328699
4081,4,3,1.4536954274736005,1962,2,Suburb,809829.5241991291
1274,4,3,0.14651885547562316,1962,2,Downtown,302078.67135302327
1217,2,1,0.9900611108055386,2009,2,Rural,247768.11349939113
4400,5,2,0.15745286273355724,2006,1,Suburb,751700.5223095039
1754,4,2,0.5944299462764255,2001,2,Rural,345051.5571100402
2005,1,2,1.215531090530498,2002,0,Suburb,390940.12098042556
4920,2,3,0.67853473749567,1992,2,Rural,922756.9086667231
2790,5,2,1.495914413159278,2021,1,Downtown,542163.5292116601
4372,2,1,0.8606359631725732,2021,2,Rural,776436.5073143565
4958,1,1,0.5156851213221325,1991,0,Suburb,780179.235145072
3513,5,3,0.369161422561892,1975,1,Downtown,647317.776387666
3003,2,3,0.5582547747149347,1972,2,Rural,485613.03489503614
3920,3,2,0.5901732469513487,1992,1,Suburb,688276.5534812001
1766,1,3,0.14963483269974343,1977,1,Downtown,345207.42766374676
4232,1,1,0.5858825891688211,1958,1,Rural,721032.0489851612
1488,1,2,0.7231458536218761,1969,2,Suburb,321826.96273520606
4501,3,1,1.0979697407462667,2005,1,Rural,728189.7885673231
1141,3,2,1.0022577528463315,1988,2,Rural,347905.06725910376
2524,4,3,1.0777102000822736,2000,0,Downtown,534169.3560127452
2592,2,2,0.0621273387214428,1961,2,Downtown,478962.2226333032
2559,4,2,0.3656177293917772,2004,0,Suburb,501203.2369185786
4012,2,1,1.009442218179792,1960,2,Downtown,659600.9720024848
1789,3,1,0.7517845838606334,1975,1,Suburb,370275.80866464897
3062,3,2,0.057704539719101625,1991,2,Rural,588233.5125908111
3282,4,3,1.2165172315261423,1976,1,Rural,545785.5600632451
1751,5,3,1.1705738812709892,1960,0,Suburb,372623.435758115
1522,4,1,0.8452077863406658,1987,2,Rural,329456.80720663385
4189,2,3,0.14637182237559457,1992,1,Downtown,748585.9667322258
2879,4,1,1.1614468218222478,1968,0,Rural,592244.4867328013
3517,1,3,0.8963847022104777,2013,0,Downtown,606890.6533143704
3132,2,2,1.1838419668790408,1955,2,Suburb,544578.7469966888
4176,2,1,1.1400331389739686,1995,0,Suburb,694573.9572471519
2300,5,1,1.214353004338864,1991,1,Rural,433210.6805815502
1085,3,2,0.801111696286706,2014,0,Rural,266912.909170121
4295,2,1,0.2534705513805967,2021,0,Downtown,771859.5220270104
2865,3,3,1.0231783364005484,2008,1,Downtown,520021.7919597937
1568,4,3,0.9496869883253574,2001,0,Rural,399584.45952415233
3857,1,1,1.1262671214386764,1996,0,Rural,577480.2309278568
2961,5,3,0.2963274587735662,1956,0,Suburb,533509.649353361
4093,3,1,0.33271403985541936,1960,0,Suburb,667629.8157862091
1746,2,2,1.3410937999680264,2010,1,Suburb,470964.85964506376
4135,3,1,1.1374678077555027,2017,0,Rural,721259.2409174757
4950,2,2,1.3669313086154682,1974,1,Rural,740276.4524997635
2281,3,3,1.150137215687685,1961,0,Rural,359208.29897069116
2701,2,2,0.9158751936859377,1975,0,Suburb,501168.9831910528
4251,4,3,0.9984924686904169,1961,0,Rural,792308.3921633038
4864,2,1,1.3392354897130143,1992,0,Downtown,844657.5026756229
854,2,3,0.8892697940423138,2000,1,Rural,262763.9011708958
2623,1,1,0.9669674202761618,1986,1,Rural,532402.3282808065
4262,2,1,0.2768912382052208,1995,1,Rural,693858.2637272478
3879,1,2,0.737185769168349,2002,2,Rural,730839.2431847083
1632,5,2,1.0887758123392435,1962,0,Rural,284474.771995464
3606,1,2,0.44286691255872984,2003,0,Downtown,584509.9466042712
3290,4,2,0.34326856176057563,2006,1,Downtown,526513.3014886207
1127,1,3,0.5050488719254026,1953,2,Rural,245408.71240501845
4110,5,3,0.4001759105896085,1998,0,Suburb,754690.4573484751
4100,4,3,0.36162332370277395,1956,1,Rural,734437.5410853814
4475,3,1,0.6660337221587261,1960,0,Rural,751164.8420875312
3854,3,3,1.3663658451311245,2003,0,Rural,674049.6503620361
2943,1,3,0.7852364877711415,1994,1,Suburb,543142.687534762
2111,1,3,0.3224845521822184,1972,1,Suburb,332727.35761335696
3991,5,2,0.1616089206022674,1977,0,Suburb,777043.6271686578
3338,5,3,1.0594264104499915,2006,0,Downtown,643207.2245640997
4783,2,1,0.6050582084327624,1975,1,Suburb,771106.8582164707
964,5,2,1.241654872548771,1974,0,Downtown,354380.1138731796
1622,2,1,1.0062906145291168,2003,0,Downtown,276313.4856131209
1743,4,3,1.2045501032849844,1978,1,Suburb,346761.6463641012
1574,1,2,0.44432175715675065,1985,0,Suburb,261175.41889970677
2998,4,1,1.0539204375685343,1963,0,Suburb,542384.8396663966
3956,5,3,0.4328898778058922,1984,2,Downtown,759139.3790379977
4495,4,1,1.4116492952029227,1979,1,Rural,827466.7593099502
4252,4,1,0.9727427082233929,1966,2,Suburb,872354.6200392164
1714,4,1,0.520542110254246,2016,2,Suburb,266539.2194950467
2108,5,3,0.4407922003237953,1979,2,Suburb,488452.62346269673
4977,4,3,0.3268435483538831,1994,0,Downtown,845730.3423384661
1313,2,1,1.0572293903959054,2000,0,Downtown,262273.8303634794
2720,5,2,0.3671376388469946,1996,2,Rural,510854.14636424603
4394,4,2,0.9131897355948592,2002,2,Suburb,751425.3111714985
2209,5,3,0.43372078904176814,2013,2,Downtown,574250.657511008
3990,3,3,1.0098549699511095,1987,0,Rural,767811.9657497173
2355,2,3,1.2316626063837819,2013,2,Suburb,499043.05105554435
1604,4,3,1.178136602559747,1956,2,Downtown,443213.5196755449
2079,3,3,1.1532344298496335,1971,1,Suburb,363288.2403320489
4377,3,2,0.3221974882537655,1990,1,Suburb,694958.6931985291
3701,5,3,0.1781581731275521,1959,0,Downtown,562814.7768528167
2187,3,1,1.0634758013067092,2006,1,Downtown,405848.7890199698
3561,2,1,0.5841034600018095,1956,1,Downtown,610416.9955352739
3479,2,2,0.6769020282848536,1999,1,Suburb,633530.9694623138
2906,1,1,0.09516618455041705,2001,0,Suburb,509270.4192440023
3568,2,2,0.4263858514488213,1982,1,Rural,557674.8754756723
4753,3,2,0.09883078561797284,1950,0,Suburb,828584.3528430605
3986,2,1,1.3248193702718092,2002,2,Downtown,720877.763317386
4080,5,3,0.40292519066686916,2009,1,Suburb,799711.2178866373
3373,1,1,0.8581388958808617,1983,0,Rural,483474.66903811466
3399,3,1,0.10652001495863911,1953,1,Rural,592554.9432390622
4833,1,2,1.0169287173932042,1966,2,Downtown,757400.3123519878
1036,3,1,0.5183896513434361,1953,0,Downtown,205901.63039930063
2104,5,2,1.3519828210886153,1992,0,Rural,483857.9013535915
4230,1,3,1.337771373954352,1953,0,Rural,735810.1077918827
2101,4,3,0.5216713966245343,1950,2,Rural,391506.4289435248
3341,3,3,1.3563932987511784,2020,2,Downtown,662091.5237842445
2851,4,1,1.4944286265732294,1999,2,Rural,483961.80676928244
1241,1,2,1.2468527129797247,2022,0,Rural,358100.42405450926
2876,4,3,1.275063454245082,2010,2,Downtown,585137.068110089
3980,4,2,0.41106266735818037,1984,1,Suburb,766648.7505599299
3457,1,2,0.8862184783437467,1957,2,Suburb,576947.7852120728
4598,5,3,0.14752107525268338,1973,0,Rural,786471.6220847245
1604,4,3,0.1876310083914211,1985,1,Suburb,327143.2808359361
874,4,2,1.4983942874482714,1999,2,Suburb,322876.5823336192
2975,5,3,0.5236269116675709,1992,1,Suburb,555750.9803669277
4724,4,2,1.1348666724708272,1976,1,Suburb,865027.1050701754
2889,4,2,1.2196643268888838,1981,0,Rural,537620.6666543131
840,4,3,1.2941337429604824,1967,1,Suburb,165084.50986462866
2881,2,1,1.496561031233127,1977,1,Suburb,500565.51723533927
2422,5,3,0.40016990362245836,1978,0,Downtown,434847.98735430674
1141,4,1,0.10850869894656458,1965,0,Rural,251015.31016304815
4852,5,2,0.6462277010921497,1996,0,Downtown,797704.1672381185
2874,3,2,0.23861697125197306,2008,1,Downtown,589671.0944607703
1445,3,1,0.08251753928497993,1980,1,Rural,292346.55776804825
1409,4,2,0.5726188993551549,1953,1,Suburb,303922.57824916614
1254,5,1,1.1864204640590927,1986,0,Downtown,341123.016170561
3753,5,1,0.8709620022763528,1966,2,Rural,725064.5867493202
2508,5,2,0.5035280843550134,1988,1,Suburb,502765.6240986177
4272,2,1,0.9987959079644436,1997,2,Rural,704215.9031818243
3769,3,3,0.38642636144777553,1995,0,Downtown,595380.0464233491
3828,5,3,0.07085309680452329,1997,1,Suburb,678314.5740843315
3481,5,2,1.1583124103328197,1988,2,Suburb,636955.6358742584
4429,2,2,0.9544274730528132,1953,1,Rural,758791.4221106711
3867,2,1,1.155338805526392,1979,1,Suburb,653899.4320536264
2186,5,1,0.10646012419711515,1979,1,Downtown,462425.8510865137
4576,1,1,1.2638234603544456,1971,2,Downtown,740027.3056435544
3666,5,1,0.9483129900526398,2015,0,Downtown,677014.2014584057
4163,5,3,0.8669232585333282,1961,1,Rural,819987.8373305111
4924,2,3,0.9556903697660708,1985,0,Suburb,870805.0680930697
948,2,2,1.303428207959128,1967,0,Suburb,237266.68707475433
4650,5,1,0.9010579345104153,2002,2,Suburb,799923.9365934494
2858,5,1,0.89237805083786,2020,2,Downtown,538385.9911810083
1936,5,2,1.4864847777453605,1950,0,Suburb,371099.0329073098
986,2,1,1.1472587422494236,2007,1,Downtown,225794.8315558435
3654,5,1,0.6913260179041462,1955,2,Suburb,690709.8122952987
2050,5,1,1.0757256500477452,2019,1,Downtown,435920.09943634144
2133,4,1,0.6143841839530934,1993,1,Suburb,359749.03021000035
4993,1,1,0.38186942060107354,2021,1,Rural,923995.8530650106
4950,3,2,0.9154352214872512,1973,0,Rural,861806.9639870031
3511,1,1,1.3958640422652295,1968,1,Downtown,536720.1108196462
2585,4,2,1.397252304022421,1967,0,Downtown,485602.59971840726
1550,3,1,0.5457626532529609,1979,0,Suburb,321959.5722064801
2562,5,3,0.8151323260214577,1991,1,Suburb,619832.251185298
4720,4,3,0.3568720529262987,1982,1,Rural,779231.8181455825
1281,5,3,1.493665108773381,1961,1,Suburb,389825.33814326493
953,2,3,1.4726209664085068,1976,1,Downtown,338876.7406767873
